{
  "num_epochs"   : 30,
  "patience"     : 5,
  "batch_size"   : 16,
  "lr"           : 0.0001721366187142199,
  "embedding_dim": 150,
  "hidden_dim"   : 256,
  "hidden_dim2"  : 16,
  "num_layers"   : 2,
  "enc_dropout"  : 0.13957553232988726,
  "dec_dropout"  : 0.1020821041481612,
  "alpha"        : 1.0387900391792535,
  "beta"         : 1.4404379489590666
}
